emoji,total_uses,files,top_files
🤝,77,33,ambition.gd×8; careers.gd×6; new_careers.gd×5
⭐,66,20,main.gd×29; empires.gd×4; achievements.json×4
🎓,61,23,prison.gd×8; main.gd×7; pets.gd×7
⚖️,59,23,prison.gd×11; ambition.gd×6; actions.gd×6
🩺,57,25,expansion.gd×11; actions.gd×8; ambition.gd×6
🐾,55,19,pets.gd×13; main.gd×9; ambition.gd×7
🚪,52,20,prison.gd×10; prison_life.json×5; main.gd×4
🔥,51,29,achievements.json×6; prison_life.json×4; world.gd×3
🏠,51,24,bonds.gd×7; actions.gd×6; pets.gd×5
🏆,49,19,achievements.json×13; daily.gd×7; main.gd×6
🕯️,48,26,prison.gd×6; bonds.gd×4; achievements.json×4
💸,45,24,ambition.gd×9; finance.gd×4; lives.gd×3
📈,42,18,main.gd×8; prison.gd×6; achievements.json×6
💵,41,19,main.gd×5; expansion.gd×5; bonds.gd×4
💼,39,20,main.gd×9; prison.gd×6; careers.gd×4
👑,39,18,achievements.json×8; game_state.gd×6; mg_g_scratch.gd×3
🏛️,38,22,achievements.json×6; ambition.gd×3; jobs.json×3
💰,38,20,main.gd×6; achievements.json×6; expansion.gd×3
📜,37,22,ambition.gd×5; mg_debate.gd×3; achievements.json×3
📦,37,22,prison.gd×5; bonds.gd×4; pets.json×4
🥊,37,20,mg_fight.gd×6; achievements.json×4; fights.gd×3
🎭,37,15,daily.gd×6; new_careers.gd×5; bonds.gd×5
🎁,33,15,mg_g_slots.gd×9; main.gd×3; bonds.gd×3
⛓️,33,13,prison.gd×8; main.gd×7; undeath.gd×5
🏥,33,18,grit.gd×5; lives.gd×4; care.gd×3
🎮,33,13,careers.gd×7; new_careers.gd×5; social.gd×4
🕊️,32,12,bonds.gd×7; prison_life.json×5; game_state.gd×4
✓,31,12,main.gd×12; daily.gd×7; mg_surgery.gd×2
🫂,31,13,ambition.gd×6; bonds.gd×5; expansion.gd×3
🩸,31,11,prison_life.json×7; achievements.json×6; lives.gd×5
🪙,30,18,lives.gd×6; empires.gd×4; mg_potion.gd×2
🎲,30,12,main.gd×10; expansion.gd×5; game_state.gd×2
🎖️,30,13,main.gd×7; achievements.json×5; prison.gd×3
🎤,30,14,careers.gd×5; social.gd×4; daily.gd×4
🗝️,29,9,prison.gd×15; main.gd×3; achievements.json×3
🧠,29,17,expansion.gd×6; daily.gd×3; main.gd×2
📣,29,12,prison.gd×6; pets.gd×5; workplace.gd×3
📚,29,16,actions.gd×6; bonds.gd×3; shop.gd×3
✨,28,19,vfx.gd×4; main.gd×4; social.gd×2
💎,28,15,daily.gd×4; mg_g_scratch.gd×3; mg_g_slots.gd×3
🚨,28,16,prison.gd×8; main.gd×2; ambition.gd×2
💘,27,11,lives.gd×7; bonds.gd×5; actions.gd×5
🏦,27,13,main.gd×4; bonds.gd×4; finance.gd×4
⏳,26,16,achievements.json×5; daily.gd×3; main.gd×2
💍,26,12,bonds.gd×7; actions.gd×4; shop.gd×4
🎬,26,18,achievements.json×3; new_careers.gd×2; game_state.gd×2
🔒,25,14,main.gd×5; prison.gd×5; empire_panels.gd×2
📝,25,14,new_careers.gd×3; bonds.gd×3; daily.gd×3
🚗,25,14,actions.gd×6; bonds.gd×4; main.gd×3
📱,25,15,shop.gd×3; achievements.json×3; more.json×3
🚀,25,15,world.gd×5; achievements.json×4; mg_g_rocket.gd×2
📋,25,14,ambition.gd×6; prison.gd×3; prison_life.json×3
⚔️,24,12,lives.gd×6; ambition.gd×4; pets.gd×3
🃏,24,13,actions.gd×7; prison.gd×4; daily.gd×2
🎰,24,12,daily.gd×4; achievements.json×4; expansion.gd×3
📉,23,18,empires.gd×4; main.gd×2; grit.gd×2
🧭,23,11,main.gd×5; ambition.gd×4; pets.gd×3
🏅,23,11,achievements.json×5; main.gd×4; pets.gd×3
🗳️,23,8,world.gd×7; careers.gd×6; daily.gd×3
🧾,23,16,prison.gd×4; v08.json×3; ambition.gd×2
🏡,23,15,expansion.gd×3; actions.gd×3; pets.gd×2
🌟,22,12,achievements.json×5; bonds.gd×3; actions.gd×3
👶,22,11,bonds.gd×6; achievements.json×5; actions.gd×3
🎟️,22,10,daily.gd×7; actions.gd×5; achievements.json×3
❤️,21,12,main.gd×5; mg_debate.gd×3; prison.gd×3
⚡,21,13,main.gd×5; achievements.json×4; expansion.gd×2
🗣️,21,13,bonds.gd×6; ambition.gd×4; main.gd×1
📰,21,13,empires.gd×4; careers.gd×3; world.gd×2
🍼,21,11,daily.gd×6; pets.gd×3; game_state.gd×2
📞,21,12,prison_life.json×5; life_threads.gd×2; bonds.gd×2
🕶️,20,14,careers.gd×4; lives.gd×2; shop.gd×2
🌙,20,12,lives.gd×4; bonds.gd×3; prison_life.json×3
🏋️,20,12,actions.gd×5; new_careers.gd×2; lives.gd×2
🌳,20,11,prison.gd×4; main.gd×3; pets.gd×3
🛍️,20,11,actions.gd×3; shop.gd×3; main.gd×2
💔,20,12,bonds.gd×6; actions.gd×3; game_state.gd×2
🧬,19,13,daily.gd×4; world.gd×2; companions.gd×2
🩹,19,10,achievements.json×4; daily.gd×3; expansion.gd×3
🤫,19,11,new_careers.gd×3; bonds.gd×3; prison.gd×3
📖,19,14,bonds.gd×3; main.gd×2; actions.gd×2
💥,19,17,mg_potion.gd×2; mg_minefield.gd×2; main.gd×1
🕵️,19,12,achievements.json×6; new_careers.gd×3; mg_infiltrate.gd×1
💞,19,7,pets.gd×10; bonds.gd×2; achievements.json×2
🏘️,19,14,achievements.json×3; game_state.gd×2; expansion.gd×2
🎉,18,11,bonds.gd×4; actions.gd×3; main.gd×2
🎯,18,11,main.gd×6; workplace.gd×2; achievements.json×2
📸,18,15,main.gd×2; new_careers.gd×2; careers.gd×2
👪,18,8,prison.gd×5; main.gd×4; bonds.gd×3
🏃,18,14,main.gd×3; daily.gd×2; actions.gd×2
🏢,18,12,main.gd×4; achievements.json×3; pets.gd×2
🧛,18,10,lives.gd×5; game_state.gd×2; destiny.gd×2
🛡️,18,11,prison.gd×3; mg_debate.gd×2; pets.gd×2
🎸,18,10,actions.gd×3; shop.gd×3; achievements.json×3
🧙,17,9,main.gd×4; achievements.json×3; game_state.gd×2
💃,17,8,new_careers.gd×5; daily.gd×4; achievements.json×3
👮,17,12,prison.gd×4; ambition.gd×2; prison_life.json×2
📄,17,14,bonds.gd×3; finance.gd×2; mg_pr_parole.gd×1
🌱,17,13,expansion.gd×3; game_state.gd×2; v07.json×2
🔔,16,9,mg_g_scratch.gd×3; mg_g_slots.gd×3; empires.gd×3
✈️,16,13,bonds.gd×2; game_state.gd×2; lives.gd×2
🏫,16,8,daily.gd×5; main.gd×2; pets.gd×2
🥣,16,4,pets.gd×9; bonds.gd×4; pets.json×2
🐕,16,12,pets.gd×3; mg_burglary.gd×2; achievements.json×2
🛐,15,6,empires.gd×4; achievements.json×4; main.gd×3
🦁,15,8,empires.gd×5; empire_panels.gd×2; main.gd×2
🎨,15,10,main.gd×4; daily.gd×3; bonds.gd×1
🌍,15,10,actions.gd×3; achievements.json×3; main.gd×2
😠,15,10,main.gd×2; mg_debate.gd×2; mg_burglary.gd×2
🌿,15,8,daily.gd×3; empires.gd×3; main.gd×2
🪪,15,6,daily.gd×5; prison.gd×4; actions.gd×2
🏝️,15,10,world.gd×3; achievements.json×3; main.gd×2
🍀,15,10,mg_g_scratch.gd×3; game_state.gd×2; lives.gd×2
🎙️,15,12,lives.gd×2; ambition.gd×2; careers.gd×2
🌫️,15,4,prison.gd×11; achievements.json×2; prison_life.json×1
😤,14,7,bonds.gd×4; mg_fight.gd×3; mg_debate.gd×2
🦴,14,9,bonds.gd×3; daily.gd×3; expansion.gd×2
💻,14,11,actions.gd×3; jobs.json×2; mg_burglary.gd×1
🐟,14,5,empires.gd×8; mg_fishing.gd×2; achievements.json×2
🦌,14,5,empires.gd×10; mg_clutch.gd×1; law.gd×1
🛋️,14,8,bonds.gd×3; pets.gd×2; game_state.gd×2
🦸,14,9,achievements.json×3; game_state.gd×2; lives.gd×2
🦷,14,11,care.gd×3; daily.gd×2; undeath.gd×1
💒,14,7,keeping.gd×4; bonds.gd×3; actions.gd×2
❔,13,7,main.gd×5; empire_panels.gd×2; mg_potion.gd×2
🏕️,13,9,empires.gd×3; empire_panels.gd×2; achievements.json×2
🧪,13,9,main.gd×3; ambition.gd×3; mg_potion.gd×1
🌀,13,10,new_careers.gd×3; places.gd×2; main.gd×1
💪,13,10,bonds.gd×3; social.gd×2; main.gd×1
🤕,13,10,new_careers.gd×2; empires.gd×2; actions.gd×2
🔑,13,10,prison_life.json×3; tenancy.gd×2; main.gd×1
🪐,13,9,achievements.json×3; game_state.gd×2; destiny.gd×2
👊,13,8,mg_fight.gd×3; bonds.gd×2; dealer.gd×2
🕳️,13,7,prison.gd×5; mg_pet_pounce.gd×3; mg_escape.gd×1
🖼️,13,9,goals.gd×2; finance.gd×2; actions.gd×2
🎾,13,6,pets.gd×6; bonds.gd×2; actions.gd×2
🏴‍☠️,13,9,game_state.gd×2; destiny.gd×2; expansion.gd×2
💬,13,7,bonds.gd×4; prison.gd×3; actions.gd×2
🔧,13,10,new_careers.gd×2; prison.gd×2; everyday.json×2
💊,13,10,game_state.gd×2; ambition.gd×2; prison.gd×2
🐀,13,8,actions.gd×3; lives.gd×2; careers.gd×2
📒,12,4,bonds.gd×7; empires.gd×3; empire_panels.gd×1
⌚,12,7,empires.gd×3; careers.gd×2; actions.gd×2
🛒,12,8,empire_panels.gd×2; social.gd×2; lives.gd×2
🔮,12,7,shop.gd×4; mg_potion.gd×2; lives.gd×2
🔁,12,7,actions.gd×3; main.gd×2; bonds.gd×2
🚶,12,7,prison.gd×4; daily.gd×2; actions.gd×2
🏖️,12,8,actions.gd×3; achievements.json×3; main.gd×1
🚫,12,8,bonds.gd×4; daily.gd×2; main.gd×1
🎗️,12,10,game_state.gd×2; lives.gd×2; lives_panels.gd×1
🧒,12,9,prison_life.json×3; pets.json×2; ui_kit.gd×1
🚓,12,9,ambition.gd×3; careers.gd×2; mg_burglary.gd×1
📡,12,7,expansion.gd×5; v07.json×2; mg_minefield.gd×1
🌃,12,6,pets.gd×3; lives.gd×3; dealer.gd×3
🧸,12,7,bonds.gd×6; ambition.gd×1; daily.gd×1
💌,12,7,prison_life.json×3; bonds.gd×2; keeping.gd×2
💉,12,8,daily.gd×3; actions.gd×3; majors.json×1
🗺️,12,7,undeath.gd×4; expansion.gd×3; achievements.json×1
🧍,11,4,prison.gd×7; mg_runway.gd×2; main.gd×1
😇,11,7,actions.gd×3; challenges.json×2; achievements.json×2
🗂️,11,6,main.gd×4; new_careers.gd×2; prison.gd×2
🛠️,11,8,tenancy.gd×2; expansion.gd×2; prison.gd×2
👥,11,6,ambition.gd×3; prison.gd×3; daily.gd×2
🏳️,11,6,prison.gd×3; world.gd×2; lives.gd×2
⌛,11,7,achievements.json×3; game_state.gd×2; destiny.gd×2
👁️,11,9,lives.gd×3; mg_potion.gd×1; daily.gd×1
🔦,11,9,ambition.gd×2; prison.gd×2; mg_escape.gd×1
⚽,11,8,world.gd×2; social.gd×2; everyday.json×2
🦹,11,6,achievements.json×4; game_state.gd×2; lives.gd×2
🌕,11,5,world.gd×4; empires.gd×4; dealer.gd×1
👻,11,6,shop.gd×4; lives.gd×3; grit.gd×1
🎂,11,6,achievements.json×4; bonds.gd×2; keeping.gd×2
🍽️,11,6,prison_life.json×4; lives.gd×2; expansion.gd×2
⚠️,10,6,main.gd×4; ambition.gd×2; slot_panels.gd×1
🕰️,10,6,main.gd×3; achievements.json×2; prison_life.json×2
✅,10,7,main.gd×3; ambition.gd×2; mg_docking.gd×1
🪞,10,6,main.gd×3; life_threads.gd×3; mg_pr_shakedown.gd×1
🏙️,10,8,lives_panels.gd×2; world.gd×2; main.gd×1
🔄,10,6,ambition.gd×3; main.gd×2; lives.gd×2
🐶,10,7,bonds.gd×3; actions.gd×2; ui_kit.gd×1
🙋,10,5,bonds.gd×3; actions.gd×3; mg_debate.gd×2
🐈,10,9,lives.gd×2; mg_pet_pounce.gd×1; pets.gd×1
🥷,10,6,actions.gd×4; game_state.gd×2; mg_burglary.gd×1
🍒,10,3,mg_g_slots.gd×4; mg_g_scratch.gd×3; daily.gd×3
🍖,10,5,bonds.gd×4; pets.gd×2; companions.gd×2
🔬,10,5,daily.gd×3; new_careers.gd×2; ambition.gd×2
🪩,10,4,actions.gd×5; daily.gd×3; grit.gd×1
🥂,10,7,bonds.gd×2; keeping.gd×2; daily.gd×2
🧳,10,7,pets.json×4; bonds.gd×1; jobs.json×1
🛏️,10,6,prison.gd×5; expansion.gd×1; pets.json×1
📊,9,7,mg_debate.gd×2; ambition.gd×2; slot_panels.gd×1
🏺,9,7,empires.gd×2; expansion.gd×2; slot_panels.gd×1
📅,9,6,achievements.json×3; main.gd×2; mg_pr_shakedown.gd×1
🥋,9,6,daily.gd×3; game_state.gd×2; main.gd×1
🐢,9,7,game_state.gd×2; challenges.json×2; main.gd×1
🌊,9,8,world.gd×2; minigame.gd×1; places.gd×1
🍎,9,5,bonds.gd×4; jobs.json×2; mg_pet_pounce.gd×1
✉️,9,7,prison.gd×2; prison_life.json×2; mg_pr_shakedown.gd×1
☀️,9,6,pets.gd×3; expansion.gd×2; mg_burglary.gd×1
🎣,9,7,empires.gd×2; shop.gd×2; mg_fishing.gd×1
🚲,9,5,bonds.gd×3; shop.gd×3; transit.gd×1
🔐,9,5,bonds.gd×3; careers.gd×3; minigames.gd×1
🍳,9,7,jobs.json×3; bonds.gd×1; social.gd×1
🕴️,9,5,game_state.gd×2; careers.gd×2; challenges.json×2
🚤,9,4,shop.gd×5; empires.gd×2; law.gd×1
🗡️,9,5,lives.gd×2; achievements.json×2; lives.json×2
🚑,9,5,daily.gd×4; expansion.gd×2; ambition.gd×1
📂,8,5,main.gd×3; twists.json×2; slot_panels.gd×1
▶,8,7,mg_safecrack.gd×2; slot_panels.gd×1; mg_road.gd×1
🛂,8,5,world.gd×3; empires.gd×2; empire_panels.gd×1
🧑,8,8,main.gd×1; lives_panels.gd×1; ui_kit.gd×1
💳,8,5,empires.gd×3; achievements.json×2; main.gd×1
❓,8,4,mg_pet_sneak.gd×3; lives.gd×3; main.gd×1
🧘,8,6,actions.gd×2; prison.gd×2; main.gd×1
💚,8,4,lives.gd×5; main.gd×1; mg_potion.gd×1
🧟,8,5,lives.gd×3; destiny.gd×2; main.gd×1
🎞️,8,6,new_careers.gd×3; main.gd×1; social.gd×1
🎥,8,7,achievements.json×2; main.gd×1; mg_onset.gd×1
🚚,8,7,achievements.json×2; lives_panels.gd×1; actions.gd×1
🧓,8,4,bonds.gd×3; prison_life.json×3; ui_kit.gd×1
👛,8,7,careers.gd×2; mg_pickpocket.gd×1; minigames.gd×1
⏱️,8,7,prison.gd×2; mg_debate.gd×1; minigame.gd×1
⚗️,8,4,lives.gd×4; achievements.json×2; mg_potion.gd×1
🔪,8,6,ambition.gd×3; mg_surgery.gd×1; minigames.gd×1
🧼,8,4,ambition.gd×3; pets.gd×2; dealer.gd×2
💡,8,7,bonds.gd×2; mg_burglary.gd×1; mg_onset.gd×1
🪟,8,8,mg_burglary.gd×1; minigames.gd×1; pets.json×1
☄️,8,7,empires.gd×2; goals.gd×1; dealer.gd×1
🛤️,8,3,prison.gd×6; arcs.gd×1; pets.gd×1
🏚️,8,6,pets.gd×2; achievements.json×2; world.gd×1
🗯️,8,4,bonds.gd×3; new_careers.gd×2; actions.gd×2
🚌,8,7,careers.gd×2; transit.gd×1; school.json×1
🧱,8,7,prison.gd×2; grit.gd×1; achievements.json×1
🐍,8,4,lives.gd×4; empires.gd×2; grit.gd×1
🧑‍🏫,8,3,daily.gd×4; bonds.gd×2; prison.gd×2
🔍,8,7,prison.gd×2; finance.gd×1; pets.json×1
💾,7,2,main.gd×6; slot_panels.gd×1
🪄,7,4,lives.gd×4; vfx.gd×1; goals.gd×1
⚙️,7,3,main.gd×5; majors.json×1; jobs.json×1
💣,7,5,lives.gd×3; main.gd×1; mg_minefield.gd×1
💲,7,3,main.gd×3; finance.gd×2; shop.gd×2
🧰,7,4,expansion.gd×3; prison.gd×2; main.gd×1
👵,7,7,ui_kit.gd×1; mg_pickpocket.gd×1; achievements.json×1
💐,7,3,bonds.gd×5; graveyard_view.gd×1; family.json×1
◀,7,6,mg_safecrack.gd×2; mg_road.gd×1; mg_pet_pounce.gd×1
👂,7,7,mg_pr_standoff.gd×1; care.gd×1; grit.gd×1
👀,7,5,mg_pet_sneak.gd×2; prison.gd×2; mg_pickpocket.gd×1
🧑‍💼,7,4,bonds.gd×3; empires.gd×2; mg_debate.gd×1
⬅,7,7,mg_runway.gd×1; mg_docking.gd×1; mg_escape.gd×1
➡,7,7,mg_runway.gd×1; mg_docking.gd×1; mg_escape.gd×1
💄,7,4,undeath.gd×3; lives.gd×2; mg_potion.gd×1
🔓,7,5,game_state.gd×2; actions.gd×2; mg_safecrack.gd×1
🧩,7,4,ambition.gd×4; mg_evidence.gd×1; minigames.gd×1
👟,7,6,careers.gd×2; mg_pr_shakedown.gd×1; finance.gd×1
📺,7,7,mg_pr_shakedown.gd×1; mg_burglary.gd×1; finance.gd×1
🎡,7,4,daily.gd×3; minigames.gd×2; mg_g_wheel.gd×1
🏀,7,7,mg_clutch.gd×1; world.gd×1; social.gd×1
🍋,7,4,mg_g_slots.gd×3; daily.gd×2; more.json×1
🏟️,7,5,achievements.json×2; v08.json×2; world.gd×1
🏷️,7,3,new_careers.gd×3; careers.gd×3; v07.json×1
🍻,7,5,daily.gd×2; expansion.gd×2; bonds.gd×1
🍷,7,5,daily.gd×2; actions.gd×2; bonds.gd×1
🏍️,7,4,shop.gd×3; empires.gd×2; law.gd×1
🤿,7,5,empires.gd×3; law.gd×1; actions.gd×1
⚰️,7,5,lives.gd×2; undeath.gd×2; lives.json×1
🩻,7,5,ambition.gd×3; daily.gd×1; expansion.gd×1
🛸,7,4,shop.gd×3; prison_life.json×2; daily.gd×1
🧺,7,5,empires.gd×2; actions.gd×2; daily.gd×1
🏹,7,3,undeath.gd×4; empires.gd×2; shop.gd×1
🚬,7,2,prison.gd×6; everyday.json×1
🪦,6,2,main.gd×5; slot_panels.gd×1
👜,6,5,new_careers.gd×2; empire_panels.gd×1; empires.gd×1
📓,6,4,empires.gd×2; achievements.json×2; empire_panels.gd×1
🥀,6,4,vfx.gd×2; bonds.gd×2; mg_potion.gd×1
🦇,6,6,vfx.gd×1; tombstone.gd×1; mg_infiltrate.gd×1
🔎,6,3,main.gd×3; ambition.gd×2; prison_life.json×1
🎀,6,3,achievements.json×3; main.gd×2; pets.json×1
📁,6,4,mg_infiltrate.gd×3; main.gd×1; minigames.gd×1
📷,6,6,main.gd×1; goals.gd×1; careers.gd×1
🔨,6,5,expansion.gd×2; main.gd×1; wanted.gd×1
🎵,6,5,mg_rhythm.gd×2; main.gd×1; bonds.gd×1
🤲,6,4,world.gd×2; game_state.gd×2; lives_panels.gd×1
🇺,6,3,world.gd×3; countries.json×2; lives_panels.gd×1
🇳,6,3,world.gd×3; countries.json×2; lives_panels.gd×1
🦜,6,5,pets.gd×2; ui_kit.gd×1; companions.gd×1
🦈,6,3,mg_debate.gd×2; lending.gd×2; empires.gd×2
💨,6,6,mg_pet_pounce.gd×1; mg_g_slots.gd×1; grit.gd×1
⏰,6,5,achievements.json×2; mg_runway.gd×1; mg_infiltrate.gd×1
🚩,6,3,careers.gd×3; mg_minefield.gd×2; minigames.gd×1
🏈,6,5,daily.gd×2; mg_clutch.gd×1; world.gd×1
❄️,6,5,pets.json×2; climate.gd×1; places.gd×1
🦮,6,5,bonds.gd×2; pets.gd×1; jobs.json×1
🐇,6,5,pets.gd×2; companions.gd×1; empires.gd×1
🧲,6,3,shop.gd×4; pets.gd×1; empires.json×1
🐠,6,4,empires.gd×3; companions.gd×1; daily.gd×1
👗,6,5,social.gd×2; bonds.gd×1; empires.gd×1
🕒,6,2,bonds.gd×3; actions.gd×3
🖋️,6,3,bonds.gd×3; prison.gd×2; prison_life.json×1
📐,6,5,bonds.gd×2; social.gd×1; units.gd×1
🧑‍🤝‍🧑,6,4,tenancy.gd×2; dealer.gd×2; echoes.json×1
📨,6,5,prison.gd×2; market.gd×1; v08.json×1
🌅,6,6,social.gd×1; lives.gd×1; achievements.json×1
🫀,6,5,ambition.gd×2; body.gd×1; decline.gd×1
🔗,6,3,prison.gd×4; achievements.json×1; prison_life.json×1
✏️,5,4,bonds.gd×2; slot_panels.gd×1; main.gd×1
🧑‍🌾,5,3,empire_panels.gd×2; empires.gd×2; main.gd×1
🏞️,5,3,empire_panels.gd×2; empires.gd×2; pets.json×1
🎈,5,5,empire_panels.gd×1; vfx.gd×1; empires.gd×1
★,5,5,empire_panels.gd×1; main.gd×1; mg_g_horses.gd×1
🗓️,5,4,main.gd×2; seeded.gd×1; achievements.json×1
🩼,5,4,expansion.gd×2; main.gd×1; actions.gd×1
👔,5,5,main.gd×1; actions.gd×1; shop.gd×1
📭,5,3,main.gd×3; market.gd×1; actions.gd×1
🧹,5,4,undeath.gd×2; main.gd×1; jobs.json×1
⚓,5,4,v07.json×2; tombstone.gd×1; world.gd×1
🍗,5,5,mg_pet_sneak.gd×1; pets.gd×1; minigames.gd×1
🧐,5,3,mg_debate.gd×3; pets.gd×1; real.json×1
🙏,5,4,daily.gd×2; mg_debate.gd×1; bonds.gd×1
😐,5,3,game_state.gd×2; prison.gd×2; mg_debate.gd×1
😰,5,5,mg_debate.gd×1; expansion.gd×1; traits.json×1
🏇,5,3,mg_g_horses.gd×2; daily.gd×2; minigames.gd×1
🐭,5,3,mg_pet_pounce.gd×3; pets.gd×1; minigames.gd×1
☠️,5,3,lives.gd×3; mg_potion.gd×1; achievements.json×1
☕,5,5,mg_pr_shakedown.gd×1; workplace.gd×1; jobs.json×1
👃,5,4,pets.gd×2; mg_pet_scent.gd×1; minigames.gd×1
🏁,5,4,pets.gd×2; mg_minefield.gd×1; more.json×1
⚾,5,5,mg_clutch.gd×1; world.gd×1; daily.gd×1
🧵,5,4,life_threads.gd×2; goals.gd×1; social.gd×1
💿,5,4,careers.gd×2; goals.gd×1; empires.gd×1
🌾,5,4,pets.gd×2; climate.gd×1; finance.gd×1
🐎,5,3,pets.gd×2; daily.gd×2; achievements.json×1
🙄,5,4,bonds.gd×2; pets.gd×1; work.json×1
🦠,5,4,twists.json×2; world.gd×1; lives.json×1
🤖,5,5,world.gd×1; daily.gd×1; lives.json×1
👓,5,2,daily.gd×3; care.gd×2
🛌,5,4,new_careers.gd×2; body.gd×1; achievements.json×1
🫁,5,3,expansion.gd×3; grit.gd×1; v07.json×1
🍝,5,5,bonds.gd×1; daily.gd×1; family.json×1
📢,5,3,bonds.gd×2; empires.gd×2; empires.json×1
✂️,5,2,bonds.gd×4; prison_life.json×1
🤼,5,3,bonds.gd×2; daily.gd×2; fights.gd×1
🤞,5,2,bonds.gd×3; actions.gd×2
🛁,5,3,bonds.gd×3; expansion.gd×1; everyday.json×1
🎒,5,4,shop.gd×2; bonds.gd×1; daily.gd×1
👨‍🍳,5,5,social.gd×1; majors.json×1; jobs.json×1
🎩,5,4,expansion.gd×2; social.gd×1; achievements.json×1
🚒,5,3,lives.gd×3; jobs.json×1; connections.json×1
🏰,5,4,lives.gd×2; achievements.json×1; twists.json×1
🥗,5,4,daily.gd×2; keeping.gd×1; actions.gd×1
🧊,5,2,ambition.gd×4; prison.gd×1
💇,5,4,daily.gd×2; items.gd×1; actions.gd×1
🪕,5,2,careers.gd×4; shop.gd×1
🔫,5,4,careers.gd×2; dealer.gd×1; shop.gd×1
🪑,5,3,prison.gd×2; prison_life.json×2; empires.gd×1
🌪️,5,5,expansion.gd×1; places.gd×1; lives.json×1
🜂,5,1,undeath.gd×5
🦿,5,1,undeath.gd×5
☆,4,4,slot_panels.gd×1; main.gd×1; mg_haggle.gd×1
🗑️,4,3,social.gd×2; slot_panels.gd×1; pets.gd×1
🌹,4,4,vfx.gd×1; mg_potion.gd×1; social.gd×1
🤒,4,3,main.gd×2; pets.gd×1; expansion.gd×1
❤️‍🩹,4,4,main.gd×1; grit.gd×1; life_threads.gd×1
💢,4,4,main.gd×1; mg_debate.gd×1; npc_world.gd×1
🍔,4,3,main.gd×2; daily.gd×1; everyday.json×1
📘,4,4,main.gd×1; shop.gd×1; fame.json×1
🔴,4,3,main.gd×2; daily.gd×1; careers.gd×1
🚙,4,4,main.gd×1; expansion.gd×1; more.json×1
⬆️,4,4,main.gd×1; daily.gd×1; expansion.gd×1
☁️,4,3,prison.gd×2; ui_kit.gd×1; pets.gd×1
👧,4,4,ui_kit.gd×1; twists.json×1; empires.json×1
🔵,4,3,mg_g_plinko.gd×2; minigames.gd×1; daily.gd×1
🙇,4,2,bonds.gd×3; mg_runway.gd×1
🤳,4,4,mg_runway.gd×1; social.gd×1; everyday.json×1
🂠,4,4,mg_blackjack.gd×1; mg_g_highlow.gd×1; minigames.gd×1
😱,4,4,mg_escape.gd×1; mg_burglary.gd×1; mg_infiltrate.gd×1
📻,4,4,mg_pr_shakedown.gd×1; mg_minefield.gd×1; actions.gd×1
🥫,4,3,pets.gd×2; mg_pr_shakedown.gd×1; v07.json×1
😂,4,4,mg_audition.gd×1; social.gd×1; daily.gd×1
🗿,4,4,goals.gd×1; daily.gd×1; finance.gd×1
🎻,4,4,goals.gd×1; social.gd×1; empires.gd×1
🌧️,4,4,climate.gd×1; expansion.gd×1; pets.json×1
😈,4,2,pets.gd×2; achievements.json×2
🤸,4,3,actions.gd×2; care.gd×1; social.gd×1
⛺,4,3,new_careers.gd×2; shop.gd×1; everyday.json×1
🦯,4,4,grit.gd×1; everyday.json×1; workbody.json×1
🙌,4,1,bonds.gd×4
🥪,4,1,bonds.gd×4
👨‍👩‍👧‍👦,4,3,game_state.gd×2; challenges.json×1; achievements.json×1
🌑,4,3,game_state.gd×2; decline.gd×1; prison.gd×1
🏄,4,2,shop.gd×3; social.gd×1
✔️,4,1,social.gd×4
🦅,4,4,lives.gd×1; empires.gd×1; connections.json×1
🌒,4,1,lives.gd×4
🛟,4,4,ambition.gd×1; jobs.json×1; pets.json×1
💅,4,3,daily.gd×2; actions.gd×1; careers2.json×1
🎪,4,4,daily.gd×1; journeys.json×1; everyday.json×1
🌆,4,4,daily.gd×1; finance.gd×1; achievements.json×1
🎺,4,2,daily.gd×2; shop.gd×2
🪬,4,1,daily.gd×4
🔢,4,2,daily.gd×2; expansion.gd×2
🧫,4,1,daily.gd×4
🤰,4,1,daily.gd×4
🛩️,4,2,shop.gd×3; finance.gd×1
🇬,4,2,countries.json×3; units.gd×1
🐻,4,2,empires.gd×3; connections.json×1
🐅,4,3,connections.json×2; empires.gd×1; empires.json×1
🪫,4,4,expansion.gd×1; v08.json×1; workbody.json×1
🌇,4,2,undeath.gd×3; pets.json×1
☎️,4,3,prison.gd×2; everyday.json×1; elder.json×1
📑,4,4,jobs.json×1; more.json×1; connections.json×1
🏴,4,3,achievements.json×2; lives.json×1; prison_life.json×1
💷,4,3,prison_life.json×2; achievements.json×1; pets.json×1
📬,4,4,v08.json×1; teen.json×1; workbody.json×1
●,3,3,slot_panels.gd×1; main.gd×1; mg_safecrack.gd×1
🌲,3,3,empire_panels.gd×1; goals.gd×1; actions.gd×1
💕,3,3,vfx.gd×1; daily.gd×1; achievements.json×1
🏎️,3,3,main.gd×1; become.gd×1; adult.json×1
📀,3,2,careers.gd×2; main.gd×1
✗,3,2,main.gd×2; fights.gd×1
⬇️,3,3,main.gd×1; daily.gd×1; expansion.gd×1
🖥️,3,3,main.gd×1; shop.gd×1; v07.json×1
😊,3,3,ui_kit.gd×1; pets.gd×1; bonds.gd×1
😴,3,3,mg_pickpocket.gd×1; mg_burglary.gd×1; everyday.json×1
🤓,3,2,mg_debate.gd×2; daily.gd×1
🥺,3,1,mg_debate.gd×3
😢,3,2,mg_debate.gd×2; mg_audition.gd×1
🧮,3,3,mg_debate.gd×1; jobs.json×1; empires.json×1
💭,3,2,bonds.gd×2; mg_debate.gd×1
😒,3,3,mg_debate.gd×1; family.json×1; more.json×1
🐿️,3,3,mg_pet_pounce.gd×1; empires.gd×1; pets.json×1
😬,3,3,mg_runway.gd×1; pets.gd×1; empires.json×1
🛰️,3,3,mg_docking.gd×1; careers2.json×1; v07.json×1
🪶,3,3,mg_potion.gd×1; prison.gd×1; pets.json×1
🌶️,3,3,mg_potion.gd×1; social.gd×1; shop.gd×1
🧴,3,2,lives.gd×2; mg_pr_shakedown.gd×1
🧢,3,3,mg_pr_shakedown.gd×1; v08.json×1; echoes.json×1
🍫,3,3,mg_pr_shakedown.gd×1; bonds.gd×1; prison.gd×1
🥄,3,3,mg_pr_shakedown.gd×1; goals.gd×1; dealer.gd×1
😡,3,3,mg_audition.gd×1; social.gd×1; traits.json×1
🪖,3,3,mg_minefield.gd×1; actions.gd×1; achievements.json×1
🏒,3,3,mg_clutch.gd×1; world.gd×1; careers.gd×1
⛳,3,3,mg_clutch.gd×1; daily.gd×1; careers.gd×1
📕,3,2,life_threads.gd×2; goals.gd×1
🪨,3,3,pets.gd×1; empires.gd×1; expansion.gd×1
📍,3,1,pets.gd×3
😾,3,1,pets.gd×3
😷,3,3,world.gd×1; expansion.gd×1; lives.json×1
🌤️,3,3,world.gd×1; grit.gd×1; pets.json×1
🚦,3,3,minigames.gd×1; law.gd×1; dealer.gd×1
🐹,3,2,companions.gd×2; companions.json×1
🦎,3,2,empires.gd×2; companions.gd×1
🍭,3,2,bonds.gd×2; childhood.json×1
🎆,3,3,bonds.gd×1; achievements.json×1; lives.json×1
🤪,3,1,bonds.gd×3
👫,3,2,bonds.gd×2; echoes.json×1
🦃,3,3,bonds.gd×1; empires.gd×1; pets.json×1
🛥️,3,3,become.gd×1; finance.gd×1; shop.gd×1
🐦,3,2,pets.json×2; social.gd×1
🖤,3,3,social.gd×1; daily.gd×1; achievements.json×1
➕,3,2,ambition.gd×2; social.gd×1
👤,3,3,origins.gd×1; twists.json×1; prison_life.json×1
⬛,3,2,lives.gd×2; lives.json×1
🧑‍⚕️,3,2,ambition.gd×2; v07.json×1
🏪,3,1,ambition.gd×3
🏗️,3,2,ambition.gd×2; empires.gd×1
🦓,3,3,daily.gd×1; empires.gd×1; empires.json×1
🌌,3,3,daily.gd×1; achievements.json×1; arcs.json×1
🌻,3,3,daily.gd×1; expansion.gd×1; actions.gd×1
🤢,3,3,daily.gd×1; everyday.json×1; empires.json×1
🏬,3,2,jobs.json×2; finance.gd×1
🇧,3,2,countries.json×2; units.gd×1
✍️,3,2,careers.gd×2; everyday.json×1
🚔,3,3,dealer.gd×1; twists.json×1; empires.json×1
🦊,3,2,empires.gd×2; pets.json×1
🪚,3,2,expansion.gd×2; jobs.json×1
🧑‍🚀,3,2,expansion.gd×2; careers2.json×1
🦂,3,1,actions.gd×3
⛈️,3,2,pets.json×2; places.gd×1
🥁,3,3,shop.gd×1; more.json×1; adult.json×1
👕,3,3,shop.gd×1; everyday.json×1; teen.json×1
🎱,3,2,shop.gd×2; everyday.json×1
📙,3,1,shop.gd×3
🪛,3,1,prison.gd×3
🌩️,3,2,prison.gd×2; pets.json×1
🇷,3,1,countries.json×3
🔀,3,1,achievements.json×3
♾️,3,1,achievements.json×3
🥇,3,2,achievements.json×2; careers.json×1
✊,3,3,workplace.json×1; prison_life.json×1; workbody.json×1
🕘,2,2,slot_panels.gd×1; v08.json×1
💫,2,2,vfx.gd×1; careers2.json×1
🤍,2,2,vfx.gd×1; mg_pet_sneak.gd×1
🟢,2,1,main.gd×2
🕹️,2,2,main.gd×1; daily.gd×1
📌,2,2,main.gd×1; mg_evidence.gd×1
🌷,2,1,main.gd×2
🌼,2,2,main.gd×1; mg_pet_pounce.gd×1
💀,2,2,main.gd×1; empires.gd×1
♥,2,2,family_tree_view.gd×1; mg_blackjack.gd×1
💠,2,2,tombstone.gd×1; finance.gd×1
🏻,2,2,ui_kit.gd×1; avatar.gd×1
🏽,2,2,ui_kit.gd×1; avatar.gd×1
🏾,2,2,ui_kit.gd×1; avatar.gd×1
🏿,2,2,ui_kit.gd×1; avatar.gd×1
👨,2,2,ui_kit.gd×1; avatar.gd×1
👩,2,2,ui_kit.gd×1; avatar.gd×1
🐱,2,2,ui_kit.gd×1; pets.gd×1
🐰,2,2,ui_kit.gd×1; pets.gd×1
🧔,2,2,mg_pickpocket.gd×1; avatar.gd×1
👩‍🦰,2,2,mg_pickpocket.gd×1; prison.gd×1
🧑‍🎤,2,2,mg_pickpocket.gd×1; mg_audition.gd×1
👱,2,2,mg_pickpocket.gd×1; avatar.gd×1
✋,2,2,mg_pickpocket.gd×1; grit.gd×1
🙂,2,2,mg_pickpocket.gd×1; npc_world.gd×1
😏,2,2,mg_debate.gd×1; traits.json×1
❌,2,2,mg_blackjack.gd×1; mg_clutch.gd×1
💗,2,2,mg_potion.gd×1; bond_stats.gd×1
🍄,2,2,mg_potion.gd×1; real.json×1
🐸,2,2,mg_potion.gd×1; empires.gd×1
🟨,2,2,mg_potion.gd×1; expansion.gd×1
↺,2,1,mg_potion.gd×2
↻,2,1,mg_potion.gd×2
🫗,2,2,mg_potion.gd×1; lives.gd×1
⏸,2,2,mg_escape.gd×1; mg_infiltrate.gd×1
🎶,2,1,mg_rhythm.gd×2
🐑,2,2,mg_pet_herd.gd×1; minigames.gd×1
🧦,2,2,mg_pr_shakedown.gd×1; everyday.json×1
📔,2,2,mg_pr_shakedown.gd×1; elder.json×1
🧻,2,2,mg_pr_shakedown.gd×1; lives.json×1
📿,2,2,mg_burglary.gd×1; goals.gd×1
😵,2,1,mg_fight.gd×2
😖,2,2,mg_fight.gd×1; more.json×1
👸,2,2,goals.gd×1; avatar.gd×1
🍂,2,2,climate.gd×1; pets.json×1
⛰️,2,2,climate.gd×1; places.gd×1
🐴,2,2,pets.gd×1; companions.gd×1
🪢,2,2,pets.gd×1; achievements.json×1
🪮,2,1,pets.gd×2
🚆,2,2,transit.gd×1; real.json×1
🦵,2,2,grit.gd×1; expansion.gd×1
🧽,2,2,grit.gd×1; law.json×1
🗃️,2,2,grit.gd×1; twists.json×1
🧶,2,2,life_threads.gd×1; everyday.json×1
🎧,2,2,bonds.gd×1; social.gd×1
🤷,2,1,bonds.gd×2
🍱,2,1,bonds.gd×2
🧥,2,1,tenancy.gd×2
🪣,2,1,game_state.gd×2
🏔️,2,2,become.gd×1; lives.json×1
🎹,2,2,social.gd×1; shop.gd×1
🤠,2,2,social.gd×1; avatar.gd×1
🎛️,2,2,social.gd×1; shop.gd×1
🪜,2,2,body.gd×1; pets.json×1
👋,2,1,lives.gd×2
🍲,2,2,keeping.gd×1; actions.gd×1
⚱️,2,1,keeping.gd×2
🧤,2,2,ambition.gd×1; pets.json×1
🦶,2,2,daily.gd×1; expansion.gd×1
🥦,2,2,daily.gd×1; more.json×1
💈,2,2,daily.gd×1; prison.gd×1
💆,2,2,daily.gd×1; items.gd×1
🧑‍🦲,2,2,daily.gd×1; prison.gd×1
😁,2,2,daily.gd×1; achievements.json×1
🍺,2,2,daily.gd×1; places.gd×1
🍸,2,2,daily.gd×1; careers2.json×1
🎳,2,1,daily.gd×2
🛳️,2,2,daily.gd×1; more.json×1
🛹,2,2,daily.gd×1; shop.gd×1
🏊,2,2,daily.gd×1; expansion.gd×1
🎫,2,2,daily.gd×1; items.gd×1
🎼,2,1,careers.gd×2
🐼,2,2,empires.gd×1; empires.json×1
🦉,2,2,empires.gd×1; more.json×1
🦋,2,2,empires.gd×1; expansion.gd×1
🐗,2,1,empires.gd×2
🦆,2,1,empires.gd×2
🐡,2,1,empires.gd×2
🙅,2,1,empires.gd×2
🥾,2,2,empires.gd×1; actions.gd×1
🥶,2,2,expansion.gd×1; real.json×1
💓,2,2,expansion.gd×1; v07.json×1
🂡,2,1,expansion.gd×2
🖐️,2,2,undeath.gd×1; pets.json×1
🥸,2,2,actions.gd×1; shop.gd×1
🌋,2,2,places.gd×1; everyday.json×1
🥽,2,1,shop.gd×2
🏌️,2,1,shop.gd×2
🤵,2,2,shop.gd×1; careers.json×1
🔭,2,1,shop.gd×2
📗,2,1,shop.gd×2
🪂,2,2,shop.gd×1; life.json×1
🔩,2,2,prison.gd×1; jobs.json×1
🙈,2,1,prison.gd×2
🔌,2,2,jobs.json×1; pets.json×1
🇪,2,1,countries.json×2
🇵,2,1,countries.json×2
🇦,2,1,countries.json×2
💯,2,1,achievements.json×2
🌈,2,2,achievements.json×1; companions.json×1
🛑,2,2,pets.json×1; v08.json×1
🐝,2,2,more.json×1; everyday.json×1
📧,2,2,more.json×1; adult.json×1
📹,2,2,v08.json×1; everyday.json×1
👣,2,2,childhood.json×1; everyday.json×1
🖍️,2,1,everyday.json×2
🅿️,2,2,everyday.json×1; real.json×1
🥡,2,1,real.json×2
🪧,2,1,empires.json×2
🧷,2,1,prison_life.json×2
🥕,1,1,empire_panels.gd×1
🎊,1,1,vfx.gd×1
💖,1,1,vfx.gd×1
⏯️,1,1,main.gd×1
🎚️,1,1,main.gd×1
⬜,1,1,main.gd×1
🩶,1,1,main.gd×1
🔊,1,1,main.gd×1
🖱️,1,1,main.gd×1
💱,1,1,main.gd×1
📳,1,1,main.gd×1
🔳,1,1,main.gd×1
✝,1,1,family_tree_view.gd×1
▸,1,1,ui_kit.gd×1
👦,1,1,ui_kit.gd×1
👴,1,1,ui_kit.gd×1
👨‍💼,1,1,mg_pickpocket.gd×1
🤨,1,1,mg_pickpocket.gd×1
🧑‍🍳,1,1,mg_pet_sneak.gd×1
🤔,1,1,mg_debate.gd×1
🤗,1,1,mg_debate.gd×1
😨,1,1,mg_debate.gd×1
👏,1,1,mg_debate.gd×1
😃,1,1,mg_debate.gd×1
🌰,1,1,mg_pet_pounce.gd×1
▼,1,1,mg_pet_pounce.gd×1
💁,1,1,mg_runway.gd×1
♠,1,1,mg_blackjack.gd×1
♦,1,1,mg_blackjack.gd×1
♣,1,1,mg_blackjack.gd×1
⤴,1,1,mg_pet_agility.gd×1
⤵,1,1,mg_pet_agility.gd×1
☘️,1,1,mg_potion.gd×1
🫕,1,1,mg_potion.gd×1
💦,1,1,mg_potion.gd×1
🫧,1,1,mg_potion.gd×1
🫠,1,1,mg_potion.gd×1
○,1,1,mg_safecrack.gd×1
🪥,1,1,mg_pr_shakedown.gd×1
🪒,1,1,mg_pr_shakedown.gd×1
🖊️,1,1,mg_pr_shakedown.gd×1
▲,1,1,mg_pet_scent.gd×1
✖,1,1,mg_g_wheel.gd×1
💂,1,1,mg_infiltrate.gd×1
🥚,1,1,goals.gd×1
🐷,1,1,meta.gd×1
🌞,1,1,climate.gd×1
🌴,1,1,climate.gd×1
🌺,1,1,climate.gd×1
🏜️,1,1,climate.gd×1
🌦️,1,1,climate.gd×1
📼,1,1,romance.gd×1
😺,1,1,pets.gd×1
🐣,1,1,pets.gd×1
🙀,1,1,pets.gd×1
😶‍🌫️,1,1,pets.gd×1
🙉,1,1,pets.gd×1
🦟,1,1,world.gd×1
🍿,1,1,new_careers.gd×1
🦦,1,1,companions.gd×1
🧑‍💻,1,1,workplace.gd×1
🆘,1,1,bonds.gd×1
🎄,1,1,bonds.gd×1
▶️,1,1,social.gd×1
🟣,1,1,social.gd×1
🍜,1,1,social.gd×1
💑,1,1,social.gd×1
🍕,1,1,keeping.gd×1
🫒,1,1,daily.gd×1
🥓,1,1,daily.gd×1
🧖,1,1,daily.gd×1
🐉,1,1,daily.gd×1
🫥,1,1,daily.gd×1
🎢,1,1,daily.gd×1
♨️,1,1,daily.gd×1
⛷️,1,1,daily.gd×1
🏯,1,1,daily.gd×1
♟️,1,1,daily.gd×1
🏐,1,1,daily.gd×1
⚫,1,1,daily.gd×1
♂️,1,1,daily.gd×1
♀️,1,1,daily.gd×1
⚧️,1,1,daily.gd×1
🏨,1,1,daily.gd×1
🍶,1,1,items.gd×1
🚘,1,1,finance.gd×1
🏼,1,1,avatar.gd×1
🦰,1,1,avatar.gd×1
🦱,1,1,avatar.gd×1
🦳,1,1,avatar.gd×1
🦲,1,1,avatar.gd×1
👳,1,1,avatar.gd×1
🧕,1,1,avatar.gd×1
👲,1,1,avatar.gd×1
👷,1,1,avatar.gd×1
🕵,1,1,avatar.gd×1
🤴,1,1,avatar.gd×1
🧝,1,1,avatar.gd×1
📏,1,1,units.gd×1
🧚,1,1,dealer.gd×1
🧂,1,1,dealer.gd×1
🐐,1,1,empires.gd×1
🦩,1,1,empires.gd×1
🐧,1,1,empires.gd×1
🦒,1,1,empires.gd×1
🦍,1,1,empires.gd×1
🐘,1,1,empires.gd×1
🐒,1,1,empires.gd×1
🦏,1,1,empires.gd×1
🐺,1,1,empires.gd×1
🦫,1,1,empires.gd×1
🦝,1,1,empires.gd×1
🦔,1,1,empires.gd×1
🦡,1,1,empires.gd×1
🦬,1,1,empires.gd×1
🦨,1,1,empires.gd×1
🐆,1,1,empires.gd×1
🫎,1,1,empires.gd×1
♿,1,1,expansion.gd×1
♠️,1,1,expansion.gd×1
⛵,1,1,expansion.gd×1
🪵,1,1,expansion.gd×1
💧,1,1,expansion.gd×1
🟦,1,1,expansion.gd×1
🟥,1,1,expansion.gd×1
🔟,1,1,expansion.gd×1
🔋,1,1,expansion.gd×1
👽,1,1,expansion.gd×1
🦾,1,1,fights.gd×1
🝊,1,1,undeath.gd×1
🜃,1,1,undeath.gd×1
🜄,1,1,undeath.gd×1
🥵,1,1,places.gd×1
🚇,1,1,places.gd×1
🦪,1,1,shop.gd×1
🎷,1,1,shop.gd×1
👰,1,1,shop.gd×1
🛵,1,1,shop.gd×1
🛶,1,1,shop.gd×1
🚁,1,1,shop.gd×1
🫙,1,1,shop.gd×1
👮‍♀️,1,1,prison.gd×1
🚛,1,1,jobs.json×1
🇸,1,1,countries.json×1
🇩,1,1,countries.json×1
🇫,1,1,countries.json×1
🇯,1,1,countries.json×1
🇲,1,1,countries.json×1
🇽,1,1,countries.json×1
🇭,1,1,countries.json×1
🇮,1,1,countries.json×1
🇰,1,1,countries.json×1
🇨,1,1,countries.json×1
👯,1,1,achievements.json×1
🌠,1,1,achievements.json×1
💛,1,1,traits.json×1
🤘,1,1,traits.json×1
🐁,1,1,pets.json×1
🛣️,1,1,pets.json×1
🥅,1,1,pets.json×1
🥩,1,1,pets.json×1
🐕‍🦺,1,1,pets.json×1
🧣,1,1,pets.json×1
🤧,1,1,pets.json×1
🎽,1,1,pets.json×1
🚜,1,1,pets.json×1
📮,1,1,pets.json×1
😳,1,1,work.json×1
👩‍🏫,1,1,school.json×1
⛽,1,1,lives.json×1
👬,1,1,more.json×1
🧗,1,1,more.json×1
🌐,1,1,more.json×1
🛫,1,1,estates.json×1
🏭,1,1,estates.json×1
🌮,1,1,adult.json×1
🗞️,1,1,adult.json×1
🫘,1,1,twists.json×1
🚐,1,1,twists.json×1
🚽,1,1,everyday.json×1
🛝,1,1,everyday.json×1
😣,1,1,everyday.json×1
🛞,1,1,everyday.json×1
🍅,1,1,everyday.json×1
🥳,1,1,real.json×1
📵,1,1,real.json×1
🍪,1,1,money.json×1
👨‍🚀,1,1,careers2.json×1
🤩,1,1,empires.json×1
🚿,1,1,prison_life.json×1
🕸️,1,1,prison_life.json×1
🧑‍🎓,1,1,prison_life.json×1
🌡️,1,1,prison_life.json×1
🍬,1,1,prison_life.json×1
😶,1,1,arcs.json×1
🍦,1,1,teen.json×1
🚰,1,1,v07.json×1
🪴,1,1,v07.json×1
📶,1,1,v07.json×1
👨‍👩‍👧,1,1,elder.json×1
